nedic = {

	graphical_cultures = { 		
		western_coa_gfx
		western_building_gfx
		western_clothing_gfx
		western_unit_gfx }
	
	breton = {
		graphical_cultures = { 
			french_coa_gfx
		}
		
		color = { 0.58 0.58 0.58 }
		
		male_names = {
			Abalard Absolard Absolet Achane_Achane Achene_Achane Achibert Achille Adair Adalard Addrald Adeber Adel Adistair Adnot Adrian_Adrianus Adrien_Adrianus Adrone Adwen Adwig Aelwin Agrane Agrard Agristair_Agristair Agrore Agroryan Agryctor Agryn Agrynak Agryrick Agryval Agrywyr Ailex Aillard Aime Aimeric Ajac Alabane Alabard Alabistair_Alabistair Alabore Alaboryan Alabyctor Alabyn Alabynak Alabyrick Alabyval Alabywyr Alain_Alan Alaird Alan_Alan Albec Alberic Albert Aldouin Aleron Alesace Alessio_Alessio Alex_Alex Alexain Alezan Alfred Alinon Alistair_Alistair Allan_Alan Allard Allunen Alodie Alphaury Alphonse_Alphonse Alvaren Alvuin Amable Amaund Amauri_Amaury Amaury_Amaury Amberic Ambroise Amelus Amiable Amiberl Anatole Ancus_Ancus Andane Andard Andbert Andistair_Andistair Andore Andoryan Andre_Andrew Andrec Andrew_Andrew Androche Androne Andyctor Andyn Andynak_Andynak Andyrick Andyval Andywyr Angof Annibal Anthony_Antonius Antoine_Antonius Anton_Antonius Antonin Aphren Archimbert Archimbide Aresin Aribert Armand Armaund Armel Armin Arnand Arnaud_Arnaud Arniel Arnitole Arnold_Arnaud Arnoth Arnousten Arphevic Arthur_Arthur Artur_Arthur Astav Astien Athanin Athel Atroque Aude Auglard Aveberl Avent Balder_Baldur Baldin Baldrian Baldric_Baldric Baldrick Balduan_Baldwin Baldwin_Baldwin Balik Balin Banning Banyrick Baragon Barjot Barnabe Barnand Barthel Baryctor Basile Basilien Bastien Baurion Beaubel Beaunois Bedane Bedard Bedastair_Bedastair Bedistair_Bedastair Bedore Bedoryan Bedyctor Bedyn Bedynak_Bedynak Bedyrick Bedyval Bedywyr_Bedywyr Begnaud Belchimac Belethor Belic Bendt Benjamund Benjamyn Benoit Benry Beran Bereditte Bergamot Beric Berjamund Bernard Bernardine Bertran Bertrand Berwick Beryn Birard Blaise Blasius Blithe Boeuf Braden Bradon Braig Bran Brandish Brandon Bric Brice Brinarch_Brinarch Bruc Bruce Brucetus Brulo Brunile Bruno Brussec Bryant Bryce Buneau Burdog Cahusque Calden Calixte Calum Canollot Cantier Caoiss Casimir_Casimirus Caspar_Caspar Cavot Cedran Cedric Celann Celarion Celnard Cerdic_Cerdic Cesamund Chantot Charlebert Charlemic Charlemund Charlerel Charleric Charques Chervain Chrismin Christian Christoph_Christoph Christophe_Christoph Churley Ciel Cimon Cirges Claude Claumin Clegaine Clement Clinton Colby Colin Colwin Condier Condrenn Connor_Connor Corbyn Cordier Corentin Corintthac Corrick Cortoran Corwyn Craig_Craig Crenard Crendal Cristophe_Cristophe Cristopher_Cristophe Cullen Curnard Curtice Cynric Cyntoine Cyrill Dacele Daimbert Daine Dalan Dalenc Damard Damian Danders Danforth Dantoine Danual Danwyche_Danwych Darcy Daribert Daric Darrel_Darrel Darren Darric_Darric Darryn Darvell David_David Davide_David Davier Debentien Degaine Degaratien Delacourt Delane Delven_Delvin Delvin_Delvin Derrell_Darrel Destane Detritus Deveral Devin Dhalen Didier Dilborn Dimitri Donall_Donnel Donel_Donnel Donnel_Donnel Donnogal Dorand Dore Dorel Dorian_Dorian Dracien Dran Draven Drivien Dryston Dugen Dunane Dunard Duncan Dunimond Dunistair_Dunistair Dunore Dunoryan Dunyctor Dunyn_Dunyn Dunynach_Dunynak Dunynak_Dunynak Dunyrick Dunyval Dunywyr Duraeg Dyric Eadric Ealis Eamond Edain Eddard Edgar Edgard Edin Edmund Edouard_Edward Edreld Edric Edrien Edryg Eduard_Edward Edwane Edward_Edward Edwastyr Edweg Edwin Edwistair_Edwistair Edwore Edworyan Edwyctor Edwyn Edwynak_Edwynak Edwyrick Edwyval Edwywyr Elbert Ellic Elnis Eltrys Emeric Emiliard Emmandic Emmanuel Emmerard Emory Emoryan Endemel Enmon Ennemond Ennoc_Ennoc Enoch_Ennoc Enri_Henry Enrich_Enrich Enrick_Enrich Erind Erj Ernand Ernard_Arnaud Ernele Ernest Ernirus Erold_Harold Escabert Escamel Esmond Esquier Esteve Estien_Estien Estienn_Estien Ethian Etiache Etienne Eugal Evan_Evan Evien Evinn_Evan Evrart Fabrice Farangel Faric Farvour Felipe Felyx Fenas Ferarilie Fergus Ferou Ferrand Ferrum Finious Finn Florenot Florent Floyd Folbert Folkes_Folkes Folques_Folkes Fonten Fontenot Francis_Francis Franck_Franque Francois Francois_Francis Francynak Franque_Franque Frederic Frederuno Frencque_Franque Frizkav Frostien Frubert Frugo Fugues Fulvert Fuques Gaban Gabin Gaboryan Gabriel_Gabriel Gabrien Gabryel_Gabriel Gaffer Gailen Gaillard Gallivere Gan Ganet Garbert Gargrell Garron Garth Garvey Gaspar_Caspar Gasparien Gastau_Gastau Gasteau_Gastau Gaston Gauldur Gaven_Gavin Gavin_Gavin Gavric Gawayne Gedric Gelem Gelvin Gennove Geon Geonard_Gernaud Geor Gepard Gepelem Gerald_Gerald Geralt_Gerald Gerard_Gerard Geraud_Gerard Gerault_Gerald Geric Gernaud_Gernaud Gerrald Gessure Gib Gierry Gilbard Gilbert_Gilbert Gillard Ginus Giorges Giraud Giraud_Gerard Gitienne Glaubert Glover Godwin Gondane Gondard Gondistair_Gondistair Gondore Gondoryan Gondyctor Gondyn Gondynak_Gondynak Gondyrick Gondyval Gondywyr Gorag Gordon_Gordon Gordyn_Gordon Goren Graham Grancis Grandeau Granden Granier Grantham Greg Gregory_Gregory Grivier Grobert Grugues Gryf_Gryf Gryff_Gryf Gudyn Guilbert_Gilbert Guillaume_William Guitaut Gustave Guybert Guybrush Guymund Guyseph Gyrard Gyron Hacques Halar Hamelin_Hamelin Hamelyn_Hamelin Handyn Hannibal Haralt_Harold Harault_Harold Harbin Harold_Harold Haskill Hastrel Hathrasil Hennabear Henri_Henry Henrien Henry_Henry Herane Herebane_Herebane Herluin Heron Herric Hescot Heseph Hierot Hilaire Holbert Horstle Hoster Hubert Huet Hughes Hulbert Hurien Hurlburt Idaron Idhdean Igleric Igmund Ignobert Ilzo Imedhnain Inwold Irbran Irnand Irving Istirus Jack_Jack Jacmund Jacques_Jack Jadien Jadier Jagar Jakarn Jakben James_James Janvin Jarnot Jascien Jasper Jauffre Jean Jean-Jacques Jean-Pierre Jeanciele Jerall Jeran Jerard Jeraud Jerian Jernald Jeromec_Jeromec Jerromec_Jeromec Jesper Jhared Jim_James Jocien Joheric Joile Jolippe Jollivet Jonah Joncis Jorden Jory Jossen Jouane Jowan Juberic Juillen_Juliananus Julian_Juliananus Juste_Justus Justin_Justinius Kalhot Kalin Kasorayn Kastus Kasynac Kathner Kauric Kellis Kelmen Kevinne Kilian Kip Kirk Krag Krasdore Kyrtos Labhraidh Lanard Lanie Lanobert Lantoine Laroche Lauric Laurient Lazare Leclaude Len Lenet Lennoc Leo Leobert Leobois Leof Leofric Leofwine_Leofwine Leofwyn_Leofwine Leofwynn_Leofwine Leon Leonaud Leovic_Leovic Leric Leseph Lesuin Lewin Liam_Lyam Lionel Lisien Lister Listien Loghain Lorant Lort Louis Loupel Louveau Luc Lucian_Lucian Lucien_Lucian Ludippe Lureau Lurelien Luther Lyam_Lyam Lywel Malcolm_Maolcholuim Maldred Malkoran Manis Marbet Marc_Mark Marcel_Marcel Marchel_Marcel Marco Marcoryan Maric_Maric Marjaques Mark_Mark Marley Marnest Marone Marques_Mark Marrec_Maric Martin_Martin Marwig Mathieu Mathieu_Matthew Mathon Mathys_Mattias Matthew_Matthew Matthias_Mattias Matthiaume Matthieu_Matthew Mattias_Mattias Matys Maul Maurice Maxelot Maxim Mebestien Mederic Menoit Merard Mercer Meric Merien Merten Merthierry Merthyval Merton Michaniel Michebert Micholas Mirasal Mirten Mivier Mordane Mordard Mordistair_Mordistair Mordore Mordoryan Mordyctor Mordyn Mordynak_Mordynak Mordyrick Mordyval Mordywyr Moric_Moric Morric_Moric Morten Morvan_Morvan Morven_Morvan Munche Muran Mylo Myn Nathaniel Nellic Nemic Nicholas Nicolard Nilas Nirine Noah Noam Noleon Nolore Nombert Nompar Norbert Octieve Octin Octivien Odei Odvan_Odvan Ogier Olarz Olwin Omistyr Omluag Ondre Onfroi Onri Ormax Orrard Orrent Orvel Oscar Ouard Oubelic Ourson Owen Paldrin Parelle Parquier Parsifal Pascal Pascual Patraud Paul Paulemond Paulin Paur Pavel Perane Perard Percival_Percival Percy_Percival Perien Peristair_Peristair Perore Peroryan Perranas Perrine Perrot Perry Perth Peryctor Peryn Perynak Peryrick Peryval Perywyr Peverel Phaistyr Phane Phelain Phelibert Philien Philimac Philip_Philipe Philipe_Philipe Phinis Phylgeon Phynaster Pierrand_Pierrand Pierrant_Pierrand Pierre Pierric Pierrie Pilou Piper Pitof Porthippe Praxin Quentyn Quinton Quiston Rahd Raldan Rallaume Ramis Ranser Raolin Raphael Raylen Reberio Reges Relien Remic Renald_Renald Renard Renardou Renchant Renko Renoit Renwic Rerlas Reynald_Renald Reynard_Reynard Reynaud_Reynard Richard_Richard Richarde_Richard Richion Richon_Rickon Rickon_Rickon Ricque Riente Robb_Robert Robert_Robert Roberto_Robert Robier Robin_Robin Robyn_Robin Rocheric Rodane Rodard Roderic_Roderick Roderick_Roderick Rodistair_Rodistair Rodmand Rodolphe Rodore Rodoryan Rodyctor Rodyn Rodynak_Rodynak Rodyrick_Roderick Rodyval Rodywyr Rogeraud Rogier Rogolphe Rohlbert Roland Rolbert Romain Rondach Rowley Rubyn Ruran Rurestian Sadun Saehon Salach Salazar Salomon_Solomon Sam_Sam Samael_Sam Sammis Samuel_Sam Sarvith Sebastian_Sebastian Sebastien_Sebastian Serge Sergerien Sernays Serrien Severin Silas Simine Sirion Socucius Solomon_Solomon Solumor Sorais Soran Sosil Spencer Staubin Stefan_Stephan Stenwick Stephen_Stephen Stephenn_Stephen Stephile Sternis Stibbons Stral Strastnoc Stromm Styriche Sunel Suriel Sutler Sylon Taig Tamien Telfour Tetra Tevenot Thadgen Theobald Theodane Theodard Theodistair_Theodistair Theodore Theodoryan Theodyctor Theodyn Theodynak_Theodynak Theodyrick Theodyval Theodywyr Theophile Theranis Therich Therron Thetrard Theyo Thibauld Thibierry Thibret Thierric Thierry Thom_Tom Thomas_Tom Thomase_Tom Thorley Thorpe Tildus Tim_Tim Timeo_Tim Timmon_Tim Timothee_Timothy Timothy_Timothy Tom_Tom Tommen Topheric Torvic_Torvic Tourvic_Torvic Traelius Trano Treves Trierre Tristan_Tristan Tristane_Tristan Tristard Trististair_Trististair Tristore Tristoryan Tristyctor Tristyn Tristynach_Tristynak Tristynak_Tristynak Tristyrick Tristyval Tristywyr Tryste Tsiniuc Tuthul Tynan Tyree Ulrich_Ulrich Urfon Usquebald Usquenot Uthane Uthard Uthastyr Utheccan Uthistair Uthistyr Uthor_Uthor Uthore_Uthor Uthoryan Uthyctor Uthyn_Uthyn Uthynak_Uthynak Uthyrick Uthyval Uthywyr Vaford Valcent Valentois Vallis Valton Vance Varaine Vardan Varnis Vaurice Velan Velian Vencobert Verdrey Verel Verick_Verick Verney Veronard Verrik_Verick Vertrand Vicente_Vince Vicmond Victraud Vierry Vignac Vilhim Vilum Vince_Vince Vincebald Vincein Vincent_Vince Virgeraud Virgile Vontan Vorthag Vyctor Vyrois Warrane Wergital Weylin Weynon Wilkes Willem_William William_William Winster_Winster Winston Wylon Wynn Wynster_Winster Xandier Xavier Xavippe Yanis Ylbert Ylvandre Yncien Yngwie Yugene Zacharie Zackael Zakhaleh Zalbec Zavierry Zavour Zibaran 
		}
		female_names = {
			Abelle Adelaide Adele Aditte Adrienne Ales Alice Alison_Alison Allison_Alison Alyssa Ama Amalia Amarie Amy Angeline Anna_Anne Annabelle Annie_Anne Antoinetta Anya Arielle Asciene Aurane Aurine Aurnie Babette Beatrice Belene Belladonna Bernadette Bernice Biene Blanche Bothela Brienne Cairine Callia Candice Caroline Catherine Charlotte Cienne Claudette Colette Constance Coraline Dabienne Darene Delphine Derelle Diana Donella Edana Edre Edwinna Elanna Elara Elinor Elisa Eliza Elizabeth_Elizabeth Elizabyth_Elizabeth Elona Elyssa Emily Emma Emusette Eola Erith Erline Ermentrude Escalette Eselde Estelle Eugenie Evangelina_Evangelina Evangline_Evangelina Evelyn Fasele Fasile Felice Fianna_Fiona Fiona_Fiona Francine Gina_Gina Gulitte Gwyn Gwynolda Gyna_Gina Gywneth Helviane Heniele Idunhael_Idunhael Irene Isabeau Isabella_Isabel Isabelle_Isabel Janece Janeve Jeanne Jeberilie Joan Jolie Joslin Julienne Laelette Leila Lielle Lilian Liliana Lily Lirielle Lisa Lisette Lleraya Louisa_Louise Luciana Mabrelle Malielle Maline Maranique Marelle Margaret Marguerite Maria_Maria Marie_Maria Marielle Mariette Marthe Mary_Maria Masalinie Mathilda_Mathilda Matilda_Mathilda Matilde_Mathilda Maurrie Melie Melisandre Mena Michel Milie Mirabelle Mitanne Morgana Morrigan_Morrigan Muriel Nadine Nanette Pierlette Piernette Relie Rianciene Rochelle Rosa_Rose Rosalin_Rosalin Rosalyn_Rosalin Rose_Rose Rosie_Rose Sabine Sosia Surane Sybille Synette Ursanne Vienne Virene Yvara Zoe 
		}
		
		dynasty_of_location_prefix = "dynnp_of"
		#dukes_called_kings = yes
		
		# Chance of male children being named after their paternal or maternal grandfather or their father. Sum must not exceed 100.
		pat_grf_name_chance = 20
		mat_grf_name_chance = 10
		father_name_chance = 10
		
		# Chance of female children being named after their paternal or maternal grandmother or their mother. Sum must not exceed 100.
		pat_grm_name_chance = 10
		mat_grm_name_chance = 20
		mother_name_chance = 10
		
		ethnicities = {
			10 = caucasian_blond
			5 = caucasian_ginger
			45 = caucasian_brown_hair
			35 = caucasian_dark_hair
		}

		#modifier = breton_culture_modifier
	}
	reachmen = {
		graphical_cultures = { 
			western_coa_gfx
			east_slavic_group_coa_gfx
			northern_building_gfx
			northern_clothing_gfx
			northern_unit_gfx 
		}
		
		color = { 0.33 0.3 0.15 }
		
		male_names = {
			Adramelech Agrlan Agrnach Agrnel Agrvar Alabcain Alacain Alach Alaic Alaric Alavar Alaven Andcain
			Andlan Andven Angof Bednach Bedven Braic Braican Braich_Braic Braig Brailan Brairic Braivar Cuhlecain
			Cuhlecen Cuhlech Cuhleic Cuhlelan Cuhlenach Cuhleric Cuhlevar Cuhleven Doncain Donic Donlan Donnach Rodastyr_Rodistair
			Donnel Donric Donvar Duacain Duach Duaic Dualan Duanach Duaric Duavar Faocain Faoch Faolan Faonach Rodednain
			Faoric Faovar Grisnel Grisvar Grisven Madanach Madaric Madic Madlan Madnach_Madanach Madric Madvar Perastyr_Peristair
			Morcain Morlan Mornach Morvar Morven_Morvan Nech Nechlan Nenacain Nenach Neven Odric Odvan_Odvan Rodanach Rondach
			Rodcain Rodnach Rodvar Teodcain Teodcen Teodlan Teodven Tynan Tyncain Tynic Tynlan Tynnach Tynvar Theodastyr_Theodistair
			Tynven Uracain Uraccen Urach Uraic Uraric Maolcholuim_Maolcholuim Uthcain Uthcen Uthnach Uthven Durcorach Mogen Moricar Ainethach
			Caoiss Vardan Verrik Kevinne Stral Strastnoc Brinarch Duareg Labhraidh Allunen Corintthac Kyrtos Olarz Urfon Vilum
			Agrastyr_Agristair Alabastyr_Alabistair Alastyr_Alistair Alix_Alex Andastyr_Andistair Andynach_Andynak
			Baldwyn_Baldwin Baldwyr Bedastyr_Bedastair Bedynach_Bedynak Bedawyr_Bedywyr Brinarch_Brinarch Dunyn_Dunyn
			Karadog_Cerdic Cosnach Crayg_Craig Cynryc Danwych_Danwych Darych_Darric Davyd_David Dunastyr_Dunistair
			Dunynach_Dunynak Edwastyr_Edwistair Edwynach_Edwynak Faolchu Frizwyr_Francis Baldr_Baldur Gondastyr_Gondistair
			Gondynach_Gondynak Kaenach Leovic_Leovic Mordastyr_Mordistair Mordynach_Mordynak Morvan_Morvan Rodynach_Rodynak
			Theodynach_Theodynak Trististyr_Trististair Ulrych_Ulrich Uthyn_Uthyn Uthynach_Uthynak Verych_Verick
			
		}
		female_names = {
			Uaile Kaie Morrigan Myra Nana Moira Petra Melka Drasgan Morrile Morrilka Uaie Moigan
			Kailka Melgan Petigan Drasigan Nale Mele Nara Draska Uaina Morritra Drasa Morrina Nae Melra
			Morrika Uaigan Uaika Petua Kaira Mygan Melle Morria Kaigan Kaitra Mya Kaia Drasna Natra Moika Kaina
			Drascua Meligan Kaile Melcua Pea Pegan Peigan Peka Pecua Pera Foale Foae Foalka Foana
			Foagan Foatra Cuhlegan Cuhleka Cuhlea Cuhlera Cuhletra Cuhlena Madra Madna Madka Madle Madigan Madie
			Madicua Made Uratra Uraka Uragan Uralka Tyra Tyna Tyle Tynie Tyntra Tynka Tynigan Braigan Braika Braina
			Brailka Braile Braie Melukah Drusilla Lessa Lydi Medya Uela Alona Vivian Idunhael_Idunhael
		}
		
		dynasty_of_location_prefix = "dynnp_of"
		#dukes_called_kings = yes
		
		# Chance of male children being named after their paternal or maternal grandfather or their father. Sum must not exceed 100.
		pat_grf_name_chance = 20
		mat_grf_name_chance = 10
		father_name_chance = 10
		
		# Chance of female children being named after their paternal or maternal grandmother or their mother. Sum must not exceed 100.
		pat_grm_name_chance = 10
		mat_grm_name_chance = 20
		mother_name_chance = 10

		ethnicities = {
			60 = caucasian_northern_blond
			5 = caucasian_northern_ginger
			25 = caucasian_northern_brown_hair
			10 = caucasian_northern_dark_hair
		}
		
		#modifier = reachman_culture_modifier
	}
}